id,x,y
IMG4287_3,34.412464,-68.21755
IMG4288_5,115.81659,-63.93228
IMG4289_5,31.436468,-8.8789835
IMG4290_4,-46.347553,2.246801
IMG4291_5,-107.317444,90.35096
IMG4292_3,17.569345,-16.267916
IMG4293_3,-111.51791,5.0906444
IMG4294_1,36.206673,-22.179407
IMG4295_1,-16.98858,-21.21767
IMG4296_1,-174.86876,66.27567
IMG4297_4,7.2784395,-43.65659
IMG4298_1,25.354885,1.3374035
IMG4299_3,-6.780968,-0.8152477
IMG4300_5,30.318653,-28.056208
IMG4301_3,16.613363,-64.83702
IMG4302_2,36.384052,-53.22324
IMG4303_2,1.5982554,-84.6391
IMG4304_5,29.708494,-6.533326
IMG4305_5,30.205908,-7.0216327
IMG4306_4,30.226486,-25.849913
IMG4307_4,37.620953,-63.181366
IMG4308_3,37.90012,-25.012484
IMG4309_1,-11.125014,13.379811
IMG4310_4,12.15183,-3.0154917
IMG4311_4,22.346434,-25.638166
IMG4312_2,32.57318,-29.90316
IMG4313_3,-26.829453,1.7929024
IMG4314_5,-22.816336,8.481545
IMG4315_5,20.836647,13.50372
IMG4316_2,-80.96259,30.092825
IMG4317_2,-8.108708,-2.5691185
IMG4318_2,31.268187,-83.91416
IMG4319_2,-95.7218,33.4041
IMG4320_2,51.490574,-49.939953
IMG4321_5,-2.57526,-16.095972
IMG4322_4,-65.658165,33.64494
IMG4323_2,13.8637085,-7.949837
IMG4324_5,12.180002,-23.090986
IMG4325_4,-152.87721,114.682465
IMG4326_5,15.022913,-10.407497
IMG4327_4,4.9885244,-41.534386
IMG4328_4,-115.17303,53.334717
IMG4329_1,-6.940672,2.3543608
IMG4330_4,40.423893,-7.7412767
IMG4331_2,39.387875,-24.500927
IMG4332_3,50.772495,-47.241276
IMG4333_2,-17.071302,19.750223
IMG4334_3,20.058666,-21.69304
IMG4335_4,61.348095,-46.414898
IMG4336_4,42.058468,-27.8969
IMG4337_2,16.405272,2.916459
IMG4338_3,4.874763,-78.06639
IMG4339_5,-52.999737,14.005846
IMG4340_4,53.13963,-20.326576
IMG4341_5,18.949778,-24.64376
IMG4342_5,50.700638,-20.401075
IMG4343_5,-0.31403396,9.858639
IMG4344_5,-22.377789,36.210476
IMG4345_3,53.145573,-22.600426
IMG4346_3,29.955439,11.819045
IMG4347_5,-19.342707,18.399776
IMG4348_5,26.451483,6.3071117
IMG4349_5,30.71077,-7.639588
IMG4350_2,-125.01506,50.877216
IMG4351_1,-89.40678,45.214935
IMG4352_4,20.671017,-14.084433
IMG4353_3,18.134377,-84.68556
IMG4354_3,-4.115271,-6.681998
IMG4355_2,28.471558,-8.628626
IMG4356_2,-12.518359,-65.68373
IMG4357_5,-46.040375,31.706055
IMG4358_2,37.807343,-20.824095
IMG4359_3,-9.467904,15.985381
IMG4360_4,13.147807,-5.9877763
IMG4361_4,11.3199625,-48.256104
IMG4362_2,44.88,-14.532724
IMG4363_2,8.103933,-8.867038
IMG4364_1,68.87607,-62.193794
IMG4365_4,42.306007,-9.027975
IMG4366_1,5.7657285,-54.945927
IMG4367_1,60.717545,-42.823475
IMG4368_2,42.176884,-51.567463
IMG4369_4,29.718168,-32.459187
IMG4370_4,-41.901333,1.2530441
IMG4371_1,38.56553,-20.956478
IMG4372_3,-104.79042,92.07412
IMG4373_1,37.084682,-2.4038494
IMG4374_3,26.521976,-8.008002
IMG4375_3,33.72669,2.7068496
IMG4376_2,17.34189,-12.550362
IMG4377_1,67.724,-21.994225
IMG4378_3,44.834995,-0.25713834
IMG4379_2,4.307877,26.973907
IMG4380_4,29.259916,2.9760568
IMG4381_5,43.010033,-46.05539
IMG4382_4,33.243206,-16.210758
IMG4383_3,-49.582397,48.778225
IMG4384_3,0.68654066,12.800799
IMG4385_4,31.551487,-58.562958
IMG4386_3,29.689026,-34.773895
IMG4387_1,-87.39612,82.57311
IMG4388_5,28.96403,23.226652
IMG4389_5,-48.2024,14.3942
IMG4390_3,26.595709,5.6172943
IMG4391_5,-5.8589106,29.535013
IMG4392_1,-62.263912,40.529766
IMG4393_4,20.98918,-29.271738
IMG4394_4,-93.35902,-12.292436
IMG4395_4,30.544777,-21.186089
IMG4396_3,-48.214706,26.148298
IMG4397_4,-35.799755,30.86268
IMG4398_3,13.6126375,-45.899693
IMG4399_1,33.228947,-1.8343397
IMG4400_5,-141.27235,84.24578
IMG4401_4,45.58022,-51.977985
IMG4402_3,-46.69501,19.906435
IMG4403_4,18.609175,-28.626644
IMG4404_2,-17.745266,17.672728
IMG4405_4,-68.85959,37.463173
IMG4406_2,38.87789,-41.746403
IMG4407_1,15.536402,31.82669
IMG4408_4,32.284878,3.8320937
IMG4409_2,42.116135,-41.697178
IMG4410_1,67.230484,-36.88989
IMG4411_5,2.7698524,1.5435019
IMG4412_2,23.135664,19.432726
IMG4413_4,-0.7722514,8.35229
IMG4414_2,-77.57269,34.316326
IMG4415_2,-98.517845,14.507944
IMG4416_5,20.723194,-25.391663
IMG4417_4,-10.7766485,0.49461773
IMG4418_5,16.016651,3.9045477
IMG4419_3,-16.166222,18.68969
IMG4420_1,34.338577,-35.9552
IMG4421_1,46.916897,-20.886013
IMG4422_2,-24.198828,33.647743
IMG4423_4,-98.575584,62.68393
IMG4424_2,28.200962,-40.75802
IMG4425_3,38.483654,-28.643827
IMG4426_5,20.495853,38.073174
IMG4427_3,-156.74567,109.909065
IMG4428_5,20.11813,-66.03218
IMG4429_2,17.093266,-27.661757
IMG4430_4,38.637527,23.548153
IMG4431_1,29.748886,-82.40495
IMG4432_3,14.842458,-5.888704
IMG4433_5,-75.50629,42.46771
IMG4434_3,-16.968578,35.189617
IMG4435_5,73.57123,-43.789932
IMG4436_5,58.06332,-26.377327
IMG4437_3,13.168746,33.61889
IMG4438_2,22.597086,-38.353485
IMG4439_4,47.311977,-5.371687
IMG4440_4,-117.03758,106.93983
IMG4441_3,-0.39453185,-6.244972
IMG4442_5,69.59052,-60.978058
IMG4443_4,35.317917,-14.318501
IMG4444_5,-98.176544,49.120174
IMG4445_3,-20.414082,-18.303223
IMG4446_5,17.346354,18.529707
IMG4447_4,13.755849,-86.08084
IMG4448_3,-116.507034,61.077705
IMG4449_3,10.89551,16.773659
IMG4450_3,-22.895739,16.48985
IMG4451_2,20.524578,-4.3068495
IMG4452_1,23.327137,-75.37422
IMG4453_2,-134.24644,85.45063
IMG4454_2,-154.89925,105.215866
IMG4455_3,42.883118,-44.519543
IMG4456_2,18.731022,-22.661673
IMG4457_3,-21.964186,-0.40892047
IMG4458_1,-63.146435,26.311451
IMG4459_3,-49.983006,55.030075
IMG4460_1,35.75113,-40.99608
IMG4461_3,5.043977,22.770525
IMG4462_3,44.596485,-41.652317
IMG4463_1,31.023815,-50.89632
IMG4464_3,-29.419228,42.63621
IMG4465_3,0.9301503,17.011274
IMG4466_1,36.324818,-28.162186
IMG4467_4,47.429176,-12.437595
IMG4468_3,-115.13943,42.062996
IMG4469_4,-98.20274,90.804
IMG4470_1,52.084435,-43.15917
IMG4471_5,45.59374,-37.487915
IMG4472_2,-40.985058,33.27654
IMG4473_1,8.014621,-10.070062
IMG4474_4,47.08591,-28.747866
IMG4475_4,-89.53845,93.77486
IMG4476_4,29.0623,-45.320515
IMG4477_2,-94.35277,21.638891
IMG4478_2,37.482483,-7.9767656
IMG4479_5,-137.23468,61.29296
IMG4480_2,-67.13348,1.4087657
IMG4481_2,6.5672984,29.1247
IMG4482_3,-60.275192,63.73477
IMG4483_1,20.037952,-85.784164
IMG4484_2,71.00023,-40.348713
IMG4485_3,50.671616,-33.477047
IMG4486_2,-0.6457658,-12.557782
IMG4487_4,38.23332,-25.038118
IMG4488_4,-18.096653,-4.957346
IMG4489_5,68.925644,-33.21002
IMG4490_1,2.942021,49.02844
IMG4491_3,-3.547421,21.459997
IMG4492_4,56.784267,-31.704556
IMG4493_3,32.052155,-20.222134
IMG4494_5,11.014516,-85.83182
IMG4495_2,-19.974188,4.8500533
IMG4496_5,-45.12944,15.995309
IMG4497_1,-113.75587,64.38977
IMG4498_3,29.210672,-37.637108
IMG4499_3,22.86036,-18.433908
IMG4500_3,2.904991,9.430736
IMG4501_5,6.05438,-72.07505
IMG4502_2,-14.608429,11.829454
IMG4503_3,6.4083233,-11.138028
IMG4504_3,53.46729,-41.3554
IMG4505_4,-40.305035,19.872204
IMG4506_4,-92.9893,68.8311
IMG4507_3,42.910686,-28.749641
IMG4508_2,29.540741,-73.4384
IMG4509_2,22.421652,-29.007174
IMG4510_5,11.518566,35.419285
IMG4511_3,37.764206,-26.847807
IMG4512_2,-113.823364,47.362186
IMG4513_1,-58.76466,18.501253
IMG4514_2,71.766304,-14.030954
IMG4515_1,-55.015697,28.068176
IMG4516_2,4.1120124,41.453506
IMG4517_2,17.524927,-6.88283
IMG4518_2,-26.824139,32.878765
IMG4519_5,45.44301,-39.96827
IMG4520_5,-120.30899,87.45093
IMG4521_2,44.87753,-26.59916
IMG4522_4,55.768227,-40.76325
IMG4523_2,37.628574,-7.6310706
IMG4524_2,-104.79105,55.62809
IMG4525_3,26.122105,-57.4151
IMG4526_5,33.71367,-56.487328
IMG4527_3,42.846245,-22.457193
IMG4528_4,51.213745,-57.87946
IMG4529_2,59.185894,-22.68275
IMG4530_3,40.919945,2.4182773
IMG4531_1,-53.371048,72.20697
IMG4532_4,17.114277,14.425327
IMG4533_3,47.322395,-26.585875
IMG4534_5,46.75629,-29.230553
IMG4535_3,-46.38363,0.47110996
IMG4536_5,22.065073,-63.03394
IMG4537_2,43.8322,-34.715275
IMG4538_4,79.24282,-17.830963
IMG4539_1,27.769308,-15.709087
IMG4540_3,26.347925,-14.738362
IMG4541_3,-11.069482,5.1542354
IMG4542_1,7.9804373,-43.291122
IMG4543_1,-123.04656,30.550165
IMG4544_3,-94.32561,10.979239
IMG4545_5,4.368084,-50.29913
IMG4546_1,46.356213,-23.639263
IMG4547_5,40.98859,-29.436161
IMG4548_5,43.77221,-20.753448
IMG4549_1,60.70294,-25.444773
IMG4550_4,-88.04081,62.988777
IMG4551_4,-60.492664,19.110603
IMG4552_2,23.735785,-65.31145
IMG4553_1,41.637573,-54.764454
IMG4554_5,-91.15803,75.67667
IMG4555_5,-17.74278,-20.96842
IMG4556_3,42.57595,-26.460289
IMG4557_2,-103.768425,68.47932
IMG4558_2,9.924737,25.160616
IMG4559_4,-146.94371,93.03007
IMG4560_2,45.501553,-19.531734
IMG4561_4,23.75706,-2.2519755
IMG4562_5,34.65286,-1.4852811
IMG4563_1,-150.72395,110.74842
IMG4564_5,-49.0401,29.764904
IMG4565_4,-190.937,23.73008
IMG4566_3,54.10492,-16.861027
IMG4567_1,-120.146576,100.655716
IMG4568_2,-66.72132,62.144447
IMG4569_3,-54.838627,12.599909
IMG4570_1,-39.80181,7.2135606
IMG4571_4,-83.04429,34.719936
IMG4572_1,-49.695045,3.984992
IMG4573_5,13.540112,-32.05309
IMG4574_2,28.021406,-9.244661
IMG4575_1,-66.42347,91.27507
IMG4576_2,44.690502,-10.872288
IMG4577_3,-19.528748,8.711764
IMG4578_3,14.7560005,35.78937
IMG4579_4,54.406746,-23.913298
IMG4580_1,42.311756,-8.599927
IMG4581_2,-46.356064,18.173399
IMG4582_5,-34.34765,14.009311
IMG4583_1,-55.562542,18.33979
IMG4584_2,9.912158,-22.510881
IMG4585_5,-54.839455,24.495253
IMG4586_3,17.67487,4.8969088
IMG4587_4,-5.797802,-0.5382029
IMG4588_4,29.52323,-0.73780435
IMG4589_3,47.34774,-14.927088
IMG4590_1,22.693865,-107.68993
IMG4591_1,35.82122,8.7169075
IMG4592_5,18.320518,-23.18888
IMG4593_4,26.418922,-18.354593
IMG4594_4,-79.59239,53.040733
IMG4595_1,46.370815,-37.927246
IMG4596_4,5.7989902,-21.268658
IMG4597_4,-68.30492,68.940956
IMG4598_3,-117.077866,103.41962
IMG4599_1,11.353216,-46.637344
IMG4600_5,58.167095,-45.674164
IMG4601_1,27.526125,-16.302256
IMG4602_4,-136.75716,14.04779
IMG4603_2,10.271048,-9.548536
IMG4604_5,49.90601,-34.085342
IMG4605_2,-103.48583,84.0118
IMG4606_3,-138.45776,55.951767
IMG4607_2,44.26929,-46.06579
IMG4608_5,42.408154,-18.803116
IMG4609_3,13.665959,-16.886143
IMG4610_1,-18.397163,29.056065
IMG4611_5,23.654629,19.324823
IMG4612_3,-68.824646,47.95675
IMG4613_3,47.914253,7.79191
IMG4614_4,15.527064,-0.59119946
IMG4615_1,54.3821,-46.79834
IMG4616_5,-23.76605,15.109194
IMG4617_2,-12.229233,-50.971207
IMG4618_5,-79.7534,20.18254
IMG4619_5,34.4883,-58.78623
IMG4620_1,15.347201,-6.651145
IMG4621_1,8.603605,34.068626
IMG4622_1,1.0510339,-1.9865146
IMG4623_2,24.851425,0.05893025
IMG4624_4,42.019527,-4.8146286
IMG4625_2,-118.32827,73.26438
IMG4626_3,46.27062,-6.948576
IMG4627_3,1.8658911,10.958098
IMG4628_2,22.929932,-16.007675
IMG4629_3,-109.81226,39.085217
IMG4630_1,1.4712955,24.973106
IMG4631_2,61.538544,-22.851683
IMG4632_2,40.07393,-3.9547646
IMG4633_3,-18.228354,-6.3344707
IMG4634_3,16.308954,0.18950574
IMG4635_3,-74.91922,58.54092
IMG4636_3,86.12891,-25.104351
IMG4637_1,40.05127,3.343353
IMG4638_3,-37.932884,40.592285
IMG4639_2,-126.008125,51.666714
IMG4640_2,-21.5578,44.128952
IMG4641_2,50.291393,-12.629844
IMG4642_4,34.13293,-16.445705
IMG4643_2,-117.56231,35.45761
IMG4644_5,43.01225,-7.095829
IMG4645_4,0.0005074516,-3.8587425
IMG4646_2,-96.15109,45.035744
IMG4647_4,27.870764,-45.913082
IMG4648_2,31.050964,-6.352784
IMG4649_1,57.543766,-26.417126
IMG4650_4,39.41507,-20.81299
IMG4651_3,15.400616,15.919571
IMG4652_1,17.865143,-50.44603
IMG4653_3,22.273897,-9.307959
IMG4654_4,9.833369,17.559265
IMG4655_3,21.143665,27.802671
IMG4656_2,50.378963,-7.0157447
IMG4657_5,-11.72292,9.1010895
IMG4658_4,54.355953,-76.56
IMG4659_2,33.53261,-30.263521
IMG4660_5,-17.786385,21.862495
IMG4661_3,-6.5973988,-20.42184
IMG4662_2,11.840732,28.835913
IMG4663_2,35.064926,-5.7311554
IMG4664_3,-20.460451,10.492076
IMG4665_4,42.22345,-37.09709
IMG4666_2,37.53951,-41.87144
IMG4667_1,38.300465,-26.658712
IMG4668_4,40.88726,-25.492859
IMG4669_2,29.920925,-23.674429
IMG4670_3,16.820772,5.460243
IMG4671_4,-111.44952,53.375072
IMG4672_2,4.593575,-3.8690393
IMG4673_1,-121.17617,74.19713
IMG4674_3,53.82244,-17.60727
IMG4675_2,66.85726,-50.319542
IMG4676_2,36.254745,-19.195646
IMG4677_2,-92.58551,78.1902
IMG4678_1,-70.8702,27.46819
IMG4679_2,39.008698,-7.3520846
IMG4680_1,-27.459677,23.131584
IMG4681_4,54.83118,-34.19723
IMG4682_2,7.2241883,35.069424
IMG4683_4,23.826996,-24.445494
IMG4684_1,-6.627606,-18.609777
IMG4685_2,-124.908585,65.173096
IMG4686_1,73.44522,-55.949787
IMG4687_3,14.883088,-26.418438
IMG4688_2,-109.06932,92.22646
IMG4689_4,-32.810776,10.928135
IMG4690_3,11.388983,11.441757
IMG4691_2,40.493565,7.309579
IMG4692_1,-26.528553,8.419192
IMG4693_5,-122.76917,25.751806
IMG4694_2,58.828773,-15.240446
IMG4695_1,25.668753,-10.9259615
IMG4696_1,-3.2235272,-67.72221
IMG4697_2,39.81308,-8.119006
IMG4698_4,9.701029,-64.22241
IMG4699_1,23.515238,-15.274103
IMG4700_5,29.55345,-54.34734
IMG4701_4,-29.653282,16.359789
IMG4702_4,-25.720455,-33.610546
IMG4703_1,20.702087,-39.230988
IMG4704_3,-86.6723,55.467827
IMG4705_4,-50.335186,29.722748
IMG4706_5,19.149231,-52.74066
IMG4707_2,19.495844,-40.47277
IMG4708_1,45.49887,-38.661682
IMG4709_5,-114.846436,52.06985
IMG4710_3,27.784452,-25.798634
IMG4711_4,-49.231583,22.679213
IMG4712_3,30.101458,-55.995777
IMG4713_3,-7.0100584,12.705165
IMG4714_3,17.02929,-5.23438
IMG4715_2,-68.50468,40.713615
IMG4716_1,-25.542065,9.60801
IMG4717_4,4.054305,-36.51406
IMG4718_2,45.36575,1.4248465
IMG4719_5,17.772102,5.4857507
IMG4720_1,40.798702,-33.964245
IMG4721_3,17.26612,-52.340042
IMG4722_2,-29.824913,28.038668
IMG4723_1,64.38126,-12.445722
IMG4724_3,82.42151,-30.79974
IMG4725_1,29.877941,-59.266346
IMG4726_2,-49.36009,-3.1919224
IMG4727_4,-84.363655,90.65071
IMG4728_1,32.07175,6.3758187
IMG4729_4,-35.67381,10.151681
IMG4730_3,53.385582,-31.44634
IMG4731_2,65.46023,-39.48388
IMG4732_3,37.232002,-9.182494
IMG4733_4,38.574512,-13.011145
IMG4734_5,22.725027,-1.1261815
IMG4735_3,74.019066,-31.630405
IMG4736_2,-126.32398,93.2328
IMG4737_5,9.828148,-29.429691
IMG4738_2,-31.17925,35.10321
IMG4739_3,27.850924,-49.81127
IMG4740_1,73.71868,-14.955123
IMG4741_4,-1.2567238,18.086065
IMG4742_4,58.516373,-58.008175
IMG4743_5,-13.227077,20.965343
IMG4744_4,39.971348,-1.8179786
IMG4745_1,-35.18789,25.337229
IMG4746_2,-27.660807,0.5923052
IMG4747_2,13.131914,4.7000175
IMG4748_4,37.966663,-11.490609
IMG4749_1,-132.38724,5.5411406
IMG4750_3,36.952908,-67.33003
IMG4751_2,6.661793,-4.1903834
IMG4752_4,51.881546,-39.29074
IMG4753_2,45.942642,-11.591925
IMG4754_4,-47.624504,29.32656
IMG4755_2,33.97258,-62.287743
IMG4756_2,51.918736,-71.04772
IMG4757_3,28.15379,-41.289684
IMG4758_5,0.115210384,-45.843784
IMG4759_5,-52.181248,-3.2835276
IMG4760_2,-3.3316553,7.3132606
IMG4761_3,13.9514885,25.282463
IMG4762_1,-0.44699156,43.444576
IMG4763_4,13.865497,-10.821731
IMG4764_4,53.014233,-40.72938
IMG4765_5,37.440643,-1.2549998
IMG4766_4,38.434727,-8.132532
IMG4767_5,-126.138664,84.7968
IMG4768_2,-100.42136,53.079422
IMG4769_1,-37.21349,16.78988
IMG4770_1,55.591038,-54.42015
IMG4771_4,16.705652,-10.966587
IMG4772_3,-137.09006,87.82947
IMG4773_1,3.6193902,17.2446
IMG4774_2,60.25818,-20.486053
IMG4775_2,7.9192796,-51.87287
IMG4776_4,41.906277,-24.331627
IMG4777_2,14.460598,-44.696426
IMG4778_1,10.760092,-25.115028
IMG4779_3,-5.2507567,24.973652
IMG4780_1,-124.50978,30.357298
IMG4781_1,45.13887,-60.434254
IMG4782_2,3.2717078,14.158456
IMG4783_2,-2.4173212,39.306465
IMG4784_1,48.47811,-0.8607381
IMG4785_2,-27.41852,32.40391
IMG4786_5,-128.2935,41.835075
IMG4787_4,-136.42772,78.20302
IMG4788_2,65.467514,-7.38419
IMG4789_2,34.05614,-36.645233
IMG4790_4,-101.74281,-10.063101
IMG4791_5,46.90542,-41.980625
IMG4792_3,-40.526985,-22.22212
IMG4793_1,4.0019555,2.1748707
IMG4794_4,-89.324936,80.16143
IMG4795_2,29.00811,-41.69839
IMG4796_5,37.457535,-52.57425
IMG4797_4,29.299456,-2.2841172
IMG4798_1,6.13678,-31.218136
IMG4799_1,-95.57808,54.948013
IMG4800_3,15.242288,-5.973175
IMG4801_2,62.67462,-40.520035
IMG4802_3,-38.440037,7.495681
IMG4803_5,27.068329,-11.541574
IMG4804_2,42.64259,7.097376
IMG4805_5,52.88867,-56.978752
IMG4806_1,8.035432,15.811602
IMG4807_5,-16.39916,-1.3966702
IMG4808_2,2.82099,28.188421
IMG4809_3,-14.7850895,19.2236
IMG4810_1,-24.023243,7.5169454
IMG4811_3,38.235195,-25.574593
IMG4812_4,32.105175,-12.392362
IMG4813_3,-52.04977,32.455677
IMG4814_1,35.98595,-11.252609
IMG4815_5,-152.11923,12.661963
IMG4816_2,26.180618,-44.52022
IMG4817_5,-28.936678,6.4770617
IMG4818_2,21.972542,9.039351
IMG4819_1,-84.71411,50.270832
IMG4820_4,-10.702674,21.917822
IMG4821_1,65.878105,-39.339577
IMG4822_2,31.17027,-19.263865
IMG4823_2,38.1078,-8.74631
IMG4824_1,6.216802,10.558996
IMG4825_4,-16.134693,-26.249193
IMG4826_3,7.6663814,-59.483215
IMG4827_2,6.124897,11.787086
IMG4828_4,47.09883,-6.458995
IMG4829_4,43.89309,-25.774057
IMG4830_4,39.253654,-0.5255885
IMG4831_1,11.366573,52.58805
IMG4832_4,14.10302,-2.7153652
IMG4833_5,15.122557,31.961891
IMG4834_3,60.542072,-38.891716
IMG4835_2,13.083033,-65.00453
IMG4836_4,10.001487,-29.69428
IMG4837_2,-5.1394696,10.268554
IMG4838_2,-5.6673703,1.6108669
IMG4839_2,29.077608,-16.047106
IMG4840_2,72.01613,-8.813341
IMG4841_4,-57.31597,2.060333
IMG4842_5,38.409973,-16.140848
IMG4843_1,14.742909,28.929943
IMG4844_4,28.429459,-41.963234
IMG4845_5,-103.566986,103.06569
IMG4846_5,61.332493,-24.796768
IMG4847_3,-129.35344,2.6901002
IMG4848_2,-3.9080389,9.263306
IMG4849_4,-35.43546,24.925226
IMG4850_1,49.995766,-39.55581
IMG4851_4,0.88580155,-1.2621609
IMG4852_1,49.77823,-32.536446
IMG4853_4,-17.72049,26.929611
IMG4854_1,-80.06454,16.106937
IMG4855_4,30.042484,-46.53549
IMG4856_5,-37.436386,27.643618
IMG4857_4,46.490047,-12.485581
IMG4858_3,-54.446285,52.881134
IMG4859_1,29.052921,-8.044372
IMG4860_5,-134.86731,102.62797
IMG4861_4,43.761513,-29.013784
IMG4862_3,-71.9337,28.71492
IMG4863_2,57.825443,-49.43691
IMG4864_5,-106.87377,86.528
IMG4865_2,5.3695784,-8.020714
IMG4866_3,13.715808,20.877762
IMG4867_5,24.538542,-17.651453
IMG4868_3,-9.565926,-1.664113
IMG4869_5,-15.92429,24.939856
IMG4870_4,2.545522,-8.23647
IMG4871_1,-7.9178367,17.512634
IMG4872_1,32.063225,-48.471786
IMG4873_5,-8.52787,1.2140671
IMG4874_3,16.841103,26.867365
IMG4875_3,30.559246,-1.1402615
IMG4876_3,33.459686,14.141734
IMG4877_5,-45.662205,56.61207
IMG4878_1,11.302837,-25.869484
IMG4879_5,54.916027,-16.868998
IMG4880_1,31.372957,-39.967342
IMG4881_4,41.9689,-52.36227
IMG4882_5,-72.82233,49.85378
IMG4883_2,76.669914,-26.257133
IMG4884_1,42.46061,-23.81281
IMG4885_5,47.81896,-45.966393
IMG4886_1,-11.077111,-5.357801
IMG4887_3,33.65333,-46.04202
IMG4888_3,-35.47638,2.979015
IMG4889_5,40.70277,-37.600674
IMG4890_1,24.409037,-18.096855
IMG4891_5,38.727844,-3.2250564
IMG4892_3,47.213394,-25.738722
IMG4893_2,-24.553112,-13.968187
IMG4894_1,38.675182,16.280235
IMG4895_5,74.94298,-20.344992
IMG4896_1,48.85516,-31.443666
IMG4897_1,27.552702,-45.872112
IMG4898_5,-80.80012,53.661736
IMG4899_3,-50.58911,33.323715
IMG4900_4,-28.499376,38.030846
IMG4901_5,14.126144,-7.840617
IMG4902_2,7.506655,2.1187017
IMG4903_2,-0.90674,4.0366
IMG4904_4,-26.926079,26.74104
IMG4905_2,20.285368,-4.969241
IMG4906_3,49.650497,-19.672092
IMG4907_3,-38.903297,58.96474
IMG4908_3,-41.296947,26.666914
IMG4909_5,50.378662,-15.431278
IMG4910_2,69.246895,-48.41388
IMG4911_5,-42.141876,39.95756
IMG4912_5,1.5645493,3.594808
IMG4913_3,48.6509,-41.311466
IMG4914_5,-50.729748,-11.719183
IMG4915_2,-21.803244,4.660903
IMG4916_3,-129.05305,76.77858
IMG4917_3,30.34386,-9.459418
IMG4918_3,48.785194,-11.07494
IMG4919_4,47.46227,-49.7958
IMG4920_4,41.435448,-11.254613
IMG4921_1,21.980946,-16.811005
IMG4922_4,21.773756,-50.895405
IMG4923_2,6.1806593,16.230164
IMG4924_4,-71.40605,30.773365
IMG4925_5,62.20219,-78.92616
IMG4926_5,33.432354,7.096891
IMG4927_1,12.548406,11.456252
IMG4928_3,17.595858,8.634483
IMG4929_5,31.22162,-16.493608
IMG4930_4,18.488989,13.243751
IMG4931_3,-158.10948,97.12411
IMG4932_2,-220.3019,142.2019
IMG4933_3,22.401257,14.338953
IMG4934_5,7.279809,-28.480642
IMG4935_4,10.688754,23.81146
IMG4936_5,-147.1898,57.650864
IMG4937_5,30.774942,-27.101322
IMG4938_5,36.823463,-30.691244
IMG4939_1,-94.29488,56.993446
IMG4940_5,-98.430786,106.87927
IMG4941_1,15.425676,-18.989973
IMG4942_4,-67.37225,7.5616093
IMG4943_3,-1.0113119,10.185161
IMG4944_1,30.504332,21.06497
IMG4945_5,-110.56887,45.020855
IMG4946_5,46.61736,-24.36311
IMG4947_3,27.74059,-41.027523
IMG4948_4,43.813946,-20.389254
IMG4949_2,-134.8929,95.698395
IMG4950_2,-10.969726,-37.464443
IMG4951_1,4.955446,-44.959366
IMG4952_5,8.932731,-46.874733
IMG4953_3,36.06547,-47.539482
IMG4954_5,8.131826,-0.79008675
IMG4955_2,-51.18898,13.966475
IMG4956_4,57.38911,-33.563812
IMG4957_5,24.936745,-88.10416
IMG4958_2,16.05301,16.762266
IMG4959_1,17.999668,15.837402
IMG4960_2,-7.0024514,17.310318
IMG4961_4,-93.99092,70.72195
IMG4962_4,41.534435,-29.490656
IMG4963_3,3.436498,-65.63997
IMG4964_3,-43.722134,39.421577
IMG4965_1,10.604073,17.44705
IMG4966_3,80.37137,-16.114838
IMG4967_5,-54.921776,49.660686
IMG4968_4,-20.718082,0.6959212
IMG4969_4,-99.97186,97.63375
IMG4970_5,51.282257,-5.47818
IMG4971_5,6.3164244,24.47491
IMG4972_4,34.178234,2.4148824
IMG4973_1,33.81227,-14.962871
IMG4974_2,-9.284921,-6.878429
IMG4975_3,2.8571808,-17.466331
IMG4976_1,22.378056,-24.431116
IMG4977_3,9.62508,29.758858
IMG4978_2,23.841127,23.674202
IMG4979_4,-5.49116,8.175766
IMG4980_5,-150.28915,99.41451
IMG4981_3,-22.628408,-0.35010254
IMG4982_5,-37.682884,18.94236
IMG4983_2,-11.326079,29.488369
IMG4984_2,21.028975,17.193598
IMG4985_4,-57.32718,30.688982
IMG4986_3,16.327997,-34.30693
IMG4987_3,-59.605118,26.80727
IMG4988_2,-2.7536826,-1.0723563
IMG4989_4,-155.13245,98.87484
IMG4990_2,-77.8325,22.250822
IMG4991_4,-48.516426,53.55028
IMG4992_5,35.072826,-18.737959
IMG4993_1,44.09493,-27.28081
IMG4994_5,-8.142937,18.484247
IMG4995_2,47.705803,-42.51147
IMG4996_5,-99.94701,102.483826
IMG4997_3,7.450477,28.052574
IMG4998_2,44.9467,-23.220627
IMG4999_1,17.034174,-1.1176239
IMG5000_5,22.669283,-13.259529
IMG5001_1,48.8697,-38.47092
IMG5002_3,30.962822,-23.036339
IMG5003_5,56.89452,-70.92819
IMG5004_4,39.42498,-29.039255
IMG5005_5,-36.134712,98.059814
IMG5006_3,-60.671036,13.668345
IMG5007_5,-37.043064,5.7092776
IMG5008_3,-2.2194288,26.671064
IMG5009_3,-184.31464,34.098362
IMG5010_1,56.719074,-21.762861
IMG5011_2,-109.130455,71.3229
IMG5012_2,14.586935,-50.73471
IMG5013_4,43.749435,-4.7378664
IMG5014_2,33.54661,-1.574192
IMG5015_4,28.075666,31.947578
IMG5016_3,-110.796425,62.775486
IMG5017_3,83.975006,-19.309431
IMG5018_3,-109.2936,23.68733
IMG5019_2,28.316788,-27.610764
IMG5020_3,-38.057606,67.58983
IMG5021_1,45.51535,-35.623024
IMG5022_5,1.1062648,-4.053516
IMG5023_4,5.781779,-9.7400875
IMG5024_5,51.574554,-47.093792
IMG5025_5,-89.45295,25.200617
IMG5026_5,35.74462,-1.0972503
IMG5027_5,47.19647,-10.155104
IMG5028_5,36.639244,-16.120817
IMG5029_1,77.729454,-25.627666
IMG5030_2,45.808464,-52.04815
IMG5031_3,30.594484,-50.062992
IMG5032_2,-34.935497,26.244612
IMG5033_2,-56.08521,38.908855
IMG5034_5,-71.428894,32.12866
IMG5035_3,22.842815,2.1298494
IMG5036_3,-12.357095,33.08646
IMG5037_5,-46.759796,5.2101736
IMG5038_1,36.82392,-65.86281
IMG5039_3,-125.0142,73.48596
IMG5040_3,-21.588709,30.606865
IMG5041_1,-45.213936,17.496536
IMG5042_2,-4.38846,11.588028
IMG5043_1,47.428276,-39.403656
IMG5044_1,19.678738,-3.1943922
IMG5045_4,24.015997,-16.696974
IMG5046_1,79.8025,-29.13714
IMG5047_3,28.1836,-8.601852
IMG5048_2,41.72882,-13.368799
IMG5049_2,28.722433,-49.30561
IMG5050_1,14.562789,1.5134596
IMG5051_5,-75.88899,28.275501
IMG5052_4,38.143272,-33.732243
IMG5053_3,27.889994,-34.552185
IMG5054_2,24.587786,-14.00333
IMG5055_4,38.125324,-12.479331
IMG5056_4,57.850567,0.961381
IMG5057_4,49.543785,-6.4007225
IMG5058_4,86.00478,-27.471107
IMG5059_1,59.640144,18.578238
IMG5060_3,24.342003,-29.373238
IMG5061_1,-52.740425,53.28618
IMG5062_2,-139.08405,85.836494
IMG5063_3,-136.96146,104.10939
IMG5064_3,40.217583,-7.6692753
IMG5065_3,35.502876,-64.68888
IMG5066_4,-14.256513,13.626893
IMG5067_4,-47.881657,97.936485
IMG5068_3,-19.830542,18.220081
IMG5069_4,2.9460256,-30.603336
IMG5070_3,45.286896,-47.555958
IMG5071_2,38.57771,-8.38289
IMG5072_4,-14.314917,8.522831
IMG5073_5,12.776508,44.730198
IMG5074_4,29.395712,30.02333
IMG5075_3,-166.83937,55.05979
IMG5076_2,-74.94739,30.854815
IMG5077_3,72.32937,-61.786564
IMG5078_2,10.220955,-51.741753
IMG5079_5,29.453281,-68.56168
IMG5080_5,19.6517,12.650217
IMG5081_5,36.253117,-11.078617
IMG5082_3,-29.437353,13.525299
IMG5083_1,35.13155,7.00098
IMG5084_3,44.06377,-37.710083
IMG5085_2,-70.483665,9.364382
IMG5086_1,-1.1660299,-0.5236845
IMG5087_5,55.367455,-20.75672
IMG5088_1,24.651125,11.468206
IMG5089_1,-31.580153,12.816603
IMG5090_1,-73.25837,63.467827
IMG5091_4,37.264915,-29.187532
IMG5092_2,-54.57601,26.116432
IMG5093_5,15.458682,16.907827
IMG5094_4,-70.63439,41.52166
IMG5095_4,29.781366,-18.017866
IMG5096_4,25.942886,-55.00927
IMG5097_1,43.744736,-36.975143
IMG5098_1,32.132362,-7.83624
IMG5099_5,-80.86416,43.368816
IMG5100_5,-21.90397,30.50951
IMG5101_5,-16.731646,-27.761461
IMG5102_3,45.021015,-57.751907
IMG5103_4,26.611824,-9.334801
IMG5104_5,47.109413,-40.453346
IMG5105_5,-53.654823,23.799625
IMG5106_1,-166.25119,100.10372
IMG5107_5,28.749523,-64.34866
IMG5108_5,5.2765975,31.933468
IMG5109_3,-55.293495,26.226505
IMG5110_3,52.251324,-14.437064
IMG5111_2,6.1669655,36.46938
IMG5112_5,49.095154,-32.305218
IMG5113_4,35.329926,1.6860007
IMG5114_1,-8.358994,-7.5077233
IMG5115_1,25.614326,-45.06941
IMG5116_3,45.82694,-31.244553
IMG5117_4,19.21311,-57.071312
IMG5118_1,-1.5086712,-0.5389814
IMG5119_1,-7.634507,47.137043
IMG5120_4,28.57139,-22.755436
IMG5121_4,-10.816185,-14.73018
IMG5122_5,9.081556,-8.185883
IMG5123_2,7.7595654,26.563923
IMG5124_3,50.92002,-23.764435
IMG5125_2,-90.94645,72.98829
IMG5126_3,-28.21802,59.661655
IMG5127_2,29.846628,-16.393871
IMG5128_2,-14.0264435,-16.194784
IMG5129_5,40.52178,-6.4072814
IMG5130_5,-2.3743489,68.19078
IMG5131_3,3.4761767,25.278593
IMG5132_4,12.372135,42.895668
IMG5133_2,15.665721,25.943254
IMG5134_2,-56.99619,27.59221
IMG5135_5,24.507055,-5.8025627
IMG5136_5,24.604721,-75.01881
IMG5137_1,-131.56749,64.807495
IMG5138_4,34.083706,-39.75349
IMG5139_1,44.881954,-37.38506
IMG5140_5,11.860944,-3.7534869
IMG5141_2,33.920277,-27.45731
IMG5142_2,26.279968,7.292995
IMG5143_5,-23.153254,1.434863
IMG5144_4,30.650948,3.3655312
IMG5145_3,-19.915972,-1.7317501
IMG5146_3,30.385248,5.393159
IMG5147_1,83.644,-21.925817
IMG5148_2,-119.60927,87.90116
IMG5149_3,43.38015,-26.311428
IMG5150_1,21.474918,-17.352745
IMG5151_1,64.07451,-71.46206
IMG5152_3,41.27009,-9.897444
IMG5153_3,52.6557,-35.801125
IMG5154_5,0.8407499,-8.854518
IMG5155_1,33.352425,17.017591
IMG5156_3,-24.017132,14.883283
IMG5157_5,4.7406344,-6.407608
IMG5158_1,18.13526,-15.827566
IMG5159_4,-27.683487,35.93019
IMG5160_5,20.645409,26.858854
IMG5161_4,19.172407,-13.230326
IMG5162_3,32.23309,-42.154613
IMG5163_4,46.753475,-61.65314
IMG5164_1,11.93315,-44.172466
IMG5165_1,32.025658,-19.36636
IMG5166_1,21.756836,26.34229
IMG5167_5,86.96705,-24.155727
IMG5168_3,14.021925,-45.941635
IMG5169_2,5.1855426,24.027481
IMG5170_5,-92.07323,52.00855
IMG5171_3,36.670082,-71.267746
IMG5172_4,3.1291192,12.281252
IMG5173_3,-5.191885,-4.0717316
IMG5174_5,51.123604,-46.28524
IMG5175_2,20.129807,18.91485
IMG5176_3,-57.03769,33.185974
IMG5177_1,6.3319383,35.916775
IMG5178_3,-44.016903,21.41765
IMG5179_1,31.123144,-8.505388
IMG5180_4,-6.383519,9.892175
IMG5181_2,-13.408355,37.078835
IMG5182_1,27.626524,-44.74407
IMG5183_1,-117.35065,58.80112
IMG5184_1,27.19735,-49.75438
IMG5185_3,13.277759,36.54975
IMG5186_5,-135.22823,64.20959
IMG5187_2,-87.96311,14.845779
IMG5188_2,-116.1232,57.315628
IMG5189_3,68.672005,-2.8461695
IMG5190_3,26.857033,-7.9910007
IMG5191_4,32.244465,-2.8810081
IMG5192_3,-9.777186,39.3393
IMG5193_5,-32.516026,14.017871
IMG5194_1,-68.550514,14.5418415
IMG5195_5,1.440615,-82.46272
IMG5196_5,-37.853832,3.7555442
IMG5197_3,53.479,-28.461891
IMG5198_2,-171.13142,48.064865
IMG5199_5,26.767986,-25.810722
IMG5200_2,57.960377,-11.939326
IMG5201_5,23.98799,-9.364889
IMG5202_5,28.064373,9.622441
IMG5203_5,20.446194,-37.50857
IMG5204_2,77.623825,-145.90515
IMG5205_3,-1.7496272,-0.38191766
IMG5206_2,12.414317,60.617016
IMG5207_1,17.449919,0.97293776
IMG5208_3,33.32864,-20.549297
IMG5209_4,56.28334,-9.68324
IMG5210_1,19.866953,10.858658
IMG5211_1,-83.75937,95.56068
IMG5212_2,-24.545258,7.86723
IMG5213_5,46.41669,-21.492926
IMG5214_4,67.6447,-26.287558
IMG5215_1,-95.13822,49.475025
IMG5216_4,-97.031944,48.691257
IMG5217_1,17.227379,5.161236
IMG5218_4,-10.08202,24.771547
IMG5219_5,-66.64926,81.69696
IMG5220_3,31.798298,-14.972791
IMG5221_4,38.945858,8.475574
IMG5222_3,22.742554,-1.6170526
IMG5223_5,-67.30596,46.366142
IMG5224_5,-21.050556,5.266351
IMG5225_2,9.329465,29.434109
IMG5226_4,-129.10706,88.43113
IMG5227_3,57.227123,-44.834858
IMG5228_1,44.451904,-20.022278
IMG5229_1,58.36838,-27.490656
IMG5230_1,-110.85569,40.010365
IMG5231_3,-35.6395,6.1604877
IMG5232_2,-0.026476435,13.033233
IMG5233_2,1.5199859,-73.56893
IMG5234_3,0.71983063,37.05707
IMG5235_4,16.378012,-13.39114
IMG5236_4,-13.085521,11.029494
IMG5237_1,45.320522,-21.27791
IMG5238_2,35.214718,-25.805662
IMG5239_3,-191.60889,64.80555
IMG5240_4,43.391075,-35.09045
IMG5241_5,-72.856155,29.69279
IMG5242_4,26.74283,-11.434567
IMG5243_3,60.510105,-25.690386
IMG5244_3,-33.544403,33.004166
IMG5245_1,43.536545,-51.45709
IMG5246_4,40.37442,-38.66871
IMG5247_3,32.433533,-48.272945
IMG5248_3,26.747843,-8.838322
IMG5249_2,57.39978,-60.766933
IMG5250_1,-13.746392,50.395233
IMG5251_3,35.599483,-48.70505
IMG5252_5,-0.74376553,21.995308
IMG5253_5,-44.09756,35.64993
IMG5254_5,52.777187,-28.114496
IMG5255_5,-4.945772,41.126106
IMG5256_2,64.5107,-25.609516
IMG5257_1,34.523373,-56.71445
IMG5258_2,1.6608584,-80.009254
IMG5259_1,-176.86159,2.6695466
IMG5260_4,-62.322735,33.828278
IMG5261_1,-28.496637,9.202866
IMG5262_2,45.907066,-47.143124
IMG5263_2,14.438601,-7.155087
IMG5264_4,-60.430073,39.295288
IMG5265_2,-24.50503,60.15392
IMG5266_5,34.827374,-19.65757
IMG5267_1,-128.60013,111.940994
IMG5268_4,-40.365963,3.3424659
IMG5269_3,24.156282,-6.0288353
IMG5270_5,-4.559429,3.6629274
IMG5271_4,34.23757,-32.86802
IMG5272_1,-13.655588,-89.76804
IMG5273_3,-8.394699,-51.663113
IMG5274_2,5.387299,1.3397948
IMG5275_4,8.111187,9.709791
IMG5276_2,-26.339727,6.634174
IMG5277_3,65.20666,-25.550266
IMG5278_5,7.1042275,-47.462463
IMG5279_5,7.6895447,2.9025102
IMG5280_1,-106.31522,-21.925873
IMG5281_1,47.683746,-26.39803
IMG5282_1,29.371292,-32.125656
IMG5283_5,27.027258,-25.198523
IMG5284_3,77.74486,-33.516846
IMG5285_1,11.0745735,0.5280469
IMG5286_3,47.269974,-18.213482
IMG5287_3,7.2690387,15.178999
IMG5288_5,56.98807,-25.116669
IMG5289_2,26.430775,-5.254249
IMG5290_2,22.525606,0.87217844
IMG5291_2,-2.4323509,23.751162
IMG5292_5,-40.117657,8.746503
IMG5293_3,49.574265,-2.7702456
IMG5294_1,21.748075,-2.0324094
IMG5295_5,-14.343689,22.36309
IMG5296_2,-137.62198,113.26281
IMG5297_5,19.983946,-64.897446
IMG5298_5,2.7266252,-42.55637
IMG5299_4,41.934486,-19.791977
IMG5300_2,-43.787224,27.176512
IMG5301_4,-14.02008,52.809013
IMG5302_3,-149.46097,40.87167
IMG5303_5,11.118503,-24.412058
IMG5304_4,-94.293396,81.90506
IMG5305_5,47.825615,-19.466156
IMG5306_3,11.403466,-31.248247
IMG5307_5,-3.1428182,-22.892548
IMG5308_2,-12.862688,1.1970335
IMG5309_2,26.012606,4.2480283
IMG5310_2,7.1461844,11.243112
IMG5311_3,41.43527,-23.831055
IMG5312_4,51.52533,-44.961586
IMG5313_4,23.35857,13.637364
IMG5314_5,-64.25277,41.646347
IMG5315_2,32.67081,-14.490318
IMG5316_1,-198.54082,104.1801
IMG5317_1,-93.5757,52.18825
IMG5318_3,38.97432,-43.70546
IMG5319_1,-2.5236895,29.608345
IMG5320_2,46.075302,-39.294727
IMG5321_2,63.852726,-51.32344
IMG5322_4,36.34093,-23.586493
IMG5323_3,-114.801865,98.18087
IMG5324_5,44.009758,-25.279535
IMG5325_4,23.786947,-90.25402
IMG5326_5,-13.344357,18.101562
IMG5327_3,10.438132,-64.94794
IMG5328_1,-109.51684,83.44793
IMG5329_1,-8.1405525,23.03269
IMG5330_3,44.240166,-10.91964
IMG5331_1,2.210668,-2.7996356
IMG5332_1,53.84727,-15.490221
IMG5333_2,26.303051,-24.176891
IMG5334_3,36.711166,-62.011562
IMG5335_2,7.84636,-69.61144
IMG5336_5,-126.70202,65.37581
IMG5337_1,20.107655,-7.4887075
IMG5338_4,37.108147,-28.838696
IMG5339_1,23.126276,-46.279694
IMG5340_2,-51.48374,-6.4247246
IMG5341_4,5.1578417,0.85988474
IMG5342_2,-220.87178,93.5121
IMG5343_2,33.62134,-61.117344
IMG5344_5,14.882652,-28.593893
IMG5345_2,-93.30013,46.128716
IMG5346_1,-97.08999,73.2758
IMG5347_5,-72.846146,109.9443
IMG5348_4,21.335697,-50.90144
IMG5349_3,18.330412,64.00941
IMG5350_1,22.335623,27.506243
IMG5351_3,-26.168047,7.727339
IMG5352_5,-30.087753,11.985005
IMG5353_1,47.91465,-56.994057
IMG5354_4,42.57639,-68.29724
IMG5355_5,50.23938,-10.272284
IMG5356_3,20.410872,-28.395437
IMG5357_2,35.236862,-0.4250457
IMG5358_5,-58.513348,51.318764
IMG5359_5,22.896286,-11.172198
IMG5360_5,1.7200681,11.842605
IMG5361_1,-31.68839,-9.004686
IMG5362_2,38.645798,-24.402943
IMG5363_1,-60.78293,34.43517
IMG5364_1,-94.511024,92.19542
IMG5365_4,-51.76965,3.4360476
IMG5366_4,22.025665,-42.1807
IMG5367_4,-27.729166,5.527093
IMG5368_2,-85.853775,58.847805
IMG5369_2,24.98719,-1.1369643
IMG5370_2,-56.115112,12.484477
IMG5371_2,85.77315,-38.73021
IMG5372_5,42.490643,-41.688572
IMG5373_4,-26.49127,33.16494
IMG5374_4,0.28558818,8.75724
IMG5375_4,54.011204,-20.412811
IMG5376_2,80.21385,-35.150394
IMG5377_4,-8.066484,-1.4454335
IMG5378_1,24.080051,-8.380389
IMG5379_5,-66.601036,46.64148
IMG5380_1,34.238255,-126.95094
IMG5381_3,-36.741886,16.763119
IMG5382_2,47.655952,-36.438747
IMG5383_1,29.978472,-32.286186
IMG5384_4,50.19617,-9.125882
IMG5385_2,46.795082,-44.299076
IMG5386_2,-5.9648066,-3.1838589
IMG5387_2,15.745211,-71.46754
IMG5388_3,66.224396,-30.339558
IMG5389_2,-51.969402,5.1110067
IMG5390_4,-154.30098,25.587877
IMG5391_4,-79.66141,86.6039
IMG5392_1,42.88376,-27.734306
IMG5393_2,53.182415,4.141388
IMG5394_3,-0.5287675,9.11482
IMG5395_1,44.997807,-24.817348
IMG5396_2,2.8787417,27.596949
IMG5397_3,-26.465485,22.691961
IMG5398_4,38.27944,-6.568942
IMG5399_4,1.8817042,4.286294
IMG5400_3,35.49369,-84.86543
IMG5401_5,68.992584,-38.469166
IMG5402_5,44.87173,-12.658213
IMG5403_1,17.81671,25.287079
IMG5404_4,-132.72743,65.295815
IMG5405_5,15.476766,12.995487
IMG5406_2,-91.762764,23.68467
IMG5407_2,21.682482,10.230862
IMG5408_2,48.97924,-40.68709
IMG5409_2,-89.09806,70.86629
IMG5410_1,26.76191,-36.68415
IMG5411_4,-25.190187,-10.920694
IMG5412_4,62.038376,-64.31975
IMG5413_4,28.639523,20.523008
IMG5414_2,11.349453,20.411974
IMG5415_4,19.860323,-14.148643
IMG5416_5,19.34774,4.2341814
IMG5417_3,-56.04644,12.619585
IMG5418_4,38.6468,-9.275453
IMG5419_4,-47.82102,-7.862966
IMG5420_1,38.804024,-13.269808
IMG5421_4,49.63795,-42.07055
IMG5422_1,50.110394,-9.045106
IMG5423_3,5.9125104,-17.16794
IMG5424_4,37.863697,-24.602026
IMG5425_4,42.390186,-25.031837
IMG5426_5,-64.30437,12.886587
IMG5427_1,46.38733,-17.174505
IMG5428_2,-0.52939373,3.161659
IMG5429_3,29.371952,17.775562
IMG5430_3,13.034432,14.312823
IMG5431_3,-33.343197,51.523575
IMG5432_1,27.07199,-17.756466
IMG5433_4,-52.82316,-2.0295436
IMG5434_1,22.959694,-44.793888
IMG5435_1,12.546679,21.246439
IMG5436_3,-64.25514,32.7972
IMG5437_3,38.539555,-33.220104
IMG5438_3,-72.22111,33.464985
IMG5439_2,-10.963307,-8.401881
IMG5440_1,5.887449,38.623867
IMG5441_2,-57.18137,1.1008488
IMG5442_1,37.08847,-28.04729
IMG5443_3,67.72572,-36.14482
IMG5444_3,32.377163,-23.142065
IMG5445_4,33.65331,-28.56176
IMG5446_1,40.954544,-53.410862
IMG5447_3,-86.0879,85.08425
IMG5448_5,-55.385933,23.382328
IMG5449_1,79.01256,-34.99478
IMG5450_5,14.007293,-37.768997
IMG5451_3,33.31211,3.6486347
IMG5452_3,70.31295,-19.15612
IMG5453_1,28.82656,-10.438933
IMG5454_4,-12.708911,14.301185
IMG5455_3,39.822533,-15.442733
IMG5456_3,8.766429,-5.147661
IMG5457_3,34.66484,1.277794
IMG5458_5,-69.01304,31.529882
IMG5459_5,-98.34348,40.247913
IMG5460_4,42.863487,9.810224
IMG5461_4,52.29968,-89.53345
IMG5462_4,38.24076,-24.388655
IMG5463_2,22.082453,-4.4611773
IMG5464_3,-150.71524,85.4824
IMG5465_2,19.633728,-91.35735
IMG5466_2,34.675953,-64.87489
IMG5467_2,5.920688,8.140485
IMG5468_1,-60.331406,-2.4836106
IMG5469_2,15.45768,18.838074
IMG5470_3,14.669826,7.3233075
IMG5471_2,35.2794,-60.21303
IMG5472_4,-139.01706,63.13557
IMG5473_1,33.55467,-8.82193
IMG5474_1,51.638805,-6.7783103
IMG5475_5,6.1366754,24.941853
IMG5476_2,33.816566,-11.436344
IMG5477_5,13.25262,29.208559
IMG5478_4,-174.12749,89.62564
IMG5479_5,-70.79332,83.20236
IMG5480_4,-26.986248,10.3123665
IMG5481_2,51.986916,-31.128384
IMG5482_1,-5.503728,44.053085
IMG5483_2,39.196297,-17.160608
IMG5484_4,-105.9021,52.9512
IMG5485_3,41.74312,-63.276672
IMG5486_2,27.88039,3.7324915
